[
  {
    "id": "6477f6f1-4d2f-4690-8ee6-4d007bcabe88",
    "data": [
      {
        "text": "can you double ",
        "userDefined": false
      },
      {
        "text": "5",
        "alias": "num",
        "meta": "@sys.number",
        "userDefined": false
      }
    ],
    "isTemplate": false,
    "count": 0,
    "updated": 1548080803
  },
  {
    "id": "0522bc9c-82bb-4146-99a3-05ea081cae70",
    "data": [
      {
        "text": "3",
        "alias": "num",
        "meta": "@sys.number",
        "userDefined": false
      }
    ],
    "isTemplate": false,
    "count": 0,
    "updated": 1548080803
  },
  {
    "id": "de957fa1-0ce2-4745-b1ff-3f4cab0bbf74",
    "data": [
      {
        "text": "Double ",
        "userDefined": false
      },
      {
        "text": "2",
        "alias": "num",
        "meta": "@sys.number",
        "userDefined": false
      }
    ],
    "isTemplate": false,
    "count": 0,
    "updated": 1548080803
  }
]